instanceID,wallTime
i-00ae78d83e9b0a706,9.215081000328064
i-00ff625dd40e36264,9.055000758171081
i-0184f3296c5ced0a3,9.066355514526368
i-02318c82e163422e3,9.047712922096254
i-02839bf5d52dc440a,9.050544548034669
i-02baf91f487c27cd0,9.138278603553772
i-02bc03c5959e7d210,9.064952611923218
i-02bed2fd844f2949d,9.056398367881775
i-0362f245e855b6c1e,9.074088454246521
i-037621e70119f9ab7,9.05548849105835
i-048437a988cd24bc2,9.05660662651062
i-0561955e4d5e32bb3,9.065504217147828
i-077061659bae3de4f,9.059754610061646
i-078ea60809fc28e50,9.059066820144654
i-07977eaaa9497dbec,8.018825054168701
i-081386f91917e838e,9.054381775856019
i-090f400814f25580f,9.057372617721558
i-0b9d71dac855d7716,7.783724427223206
i-0e35056fc9158b141,9.052747321128845
i-0eb7976be5aeffcb4,9.068333220481872
